"infile","min_year","max_year","Iteration","file_root"
"C:/vagrants/datasci2014/data/outfile_version2/medline14n0001.txt",1809,1893,0,"medline14n0001"
"C:/vagrants/datasci2014/data/outfile_version2/medline14n0002.txt",1893,1910,1,"medline14n0002"
"C:/vagrants/datasci2014/data/outfile_version2/medline14n0003.txt",1910,1919,2,"medline14n0003"
"C:/vagrants/datasci2014/data/outfile_version2/medline14n0004.txt",1919,1927,3,"medline14n0004"
"C:/vagrants/datasci2014/data/outfile_version2/medline14n0005.txt",1927,1933,4,"medline14n0005"
"C:/vagrants/datasci2014/data/outfile_version2/medline14n0006.txt",1933,1939,5,"medline14n0006"
"C:/vagrants/datasci2014/data/outfile_version2/medline14n0007.txt",1939,1945,6,"medline14n0007"
"C:/vagrants/datasci2014/data/outfile_version2/medline14n0008.txt",1945,1946,7,"medline14n0008"
"C:/vagrants/datasci2014/data/outfile_version2/medline14n0009.txt",1946,1946,8,"medline14n0009"
"C:/vagrants/datasci2014/data/outfile_version2/medline14n0010.txt",1946,1947,9,"medline14n0010"
"C:/vagrants/datasci2014/data/outfile_version2/medline14n0011.txt",1947,1947,10,"medline14n0011"
"C:/vagrants/datasci2014/data/outfile_version2/medline14n0012.txt",1947,1948,11,"medline14n0012"
"C:/vagrants/datasci2014/data/outfile_version2/medline14n0013.txt",1948,1948,12,"medline14n0013"
"C:/vagrants/datasci2014/data/outfile_version2/medline14n0014.txt",1948,1949,13,"medline14n0014"
"C:/vagrants/datasci2014/data/outfile_version2/medline14n0015.txt",1949,1949,14,"medline14n0015"
"C:/vagrants/datasci2014/data/outfile_version2/medline14n0016.txt",1949,1950,15,"medline14n0016"
"C:/vagrants/datasci2014/data/outfile_version2/medline14n0017.txt",1950,1950,16,"medline14n0017"
"C:/vagrants/datasci2014/data/outfile_version2/medline14n0018.txt",1950,1950,17,"medline14n0018"
"C:/vagrants/datasci2014/data/outfile_version2/medline14n0019.txt",1950,1951,18,"medline14n0019"
"C:/vagrants/datasci2014/data/outfile_version2/medline14n0020.txt",1951,1951,19,"medline14n0020"
"C:/vagrants/datasci2014/data/outfile_version2/medline14n0021.txt",1951,1951,20,"medline14n0021"
"C:/vagrants/datasci2014/data/outfile_version2/medline14n0022.txt",1951,1951,21,"medline14n0022"
"C:/vagrants/datasci2014/data/outfile_version2/medline14n0023.txt",1951,1952,22,"medline14n0023"
"C:/vagrants/datasci2014/data/outfile_version2/medline14n0024.txt",1952,1952,23,"medline14n0024"
"C:/vagrants/datasci2014/data/outfile_version2/medline14n0025.txt",1952,1952,24,"medline14n0025"
"C:/vagrants/datasci2014/data/outfile_version2/medline14n0026.txt",1952,1953,25,"medline14n0026"
"C:/vagrants/datasci2014/data/outfile_version2/medline14n0027.txt",1953,1953,26,"medline14n0027"
"C:/vagrants/datasci2014/data/outfile_version2/medline14n0028.txt",1953,1953,27,"medline14n0028"
"C:/vagrants/datasci2014/data/outfile_version2/medline14n0029.txt",1953,1953,28,"medline14n0029"
"C:/vagrants/datasci2014/data/outfile_version2/medline14n0030.txt",1953,1954,29,"medline14n0030"
"C:/vagrants/datasci2014/data/outfile_version2/medline14n0031.txt",1954,1954,30,"medline14n0031"
"C:/vagrants/datasci2014/data/outfile_version2/medline14n0032.txt",1954,1954,31,"medline14n0032"
"C:/vagrants/datasci2014/data/outfile_version2/medline14n0033.txt",1954,1955,32,"medline14n0033"
"C:/vagrants/datasci2014/data/outfile_version2/medline14n0034.txt",1955,1955,33,"medline14n0034"
"C:/vagrants/datasci2014/data/outfile_version2/medline14n0035.txt",1955,1955,34,"medline14n0035"
"C:/vagrants/datasci2014/data/outfile_version2/medline14n0036.txt",1955,1955,35,"medline14n0036"
"C:/vagrants/datasci2014/data/outfile_version2/medline14n0037.txt",1955,1956,36,"medline14n0037"
"C:/vagrants/datasci2014/data/outfile_version2/medline14n0038.txt",1956,1956,37,"medline14n0038"
"C:/vagrants/datasci2014/data/outfile_version2/medline14n0039.txt",1956,1956,38,"medline14n0039"
"C:/vagrants/datasci2014/data/outfile_version2/medline14n0040.txt",1956,1957,39,"medline14n0040"
"C:/vagrants/datasci2014/data/outfile_version2/medline14n0041.txt",1957,1957,40,"medline14n0041"
"C:/vagrants/datasci2014/data/outfile_version2/medline14n0042.txt",1957,1957,41,"medline14n0042"
"C:/vagrants/datasci2014/data/outfile_version2/medline14n0043.txt",1957,1957,42,"medline14n0043"
"C:/vagrants/datasci2014/data/outfile_version2/medline14n0044.txt",1957,1958,43,"medline14n0044"
"C:/vagrants/datasci2014/data/outfile_version2/medline14n0045.txt",1958,1958,44,"medline14n0045"
"C:/vagrants/datasci2014/data/outfile_version2/medline14n0046.txt",1958,1958,45,"medline14n0046"
"C:/vagrants/datasci2014/data/outfile_version2/medline14n0047.txt",1958,1958,46,"medline14n0047"
"C:/vagrants/datasci2014/data/outfile_version2/medline14n0048.txt",1958,1959,47,"medline14n0048"
"C:/vagrants/datasci2014/data/outfile_version2/medline14n0049.txt",1959,1959,48,"medline14n0049"
"C:/vagrants/datasci2014/data/outfile_version2/medline14n0050.txt",1959,1959,49,"medline14n0050"
"C:/vagrants/datasci2014/data/outfile_version2/medline14n0051.txt",1959,1960,50,"medline14n0051"
"C:/vagrants/datasci2014/data/outfile_version2/medline14n0052.txt",1960,1960,51,"medline14n0052"
"C:/vagrants/datasci2014/data/outfile_version2/medline14n0053.txt",1960,1960,52,"medline14n0053"
"C:/vagrants/datasci2014/data/outfile_version2/medline14n0054.txt",1960,1960,53,"medline14n0054"
"C:/vagrants/datasci2014/data/outfile_version2/medline14n0055.txt",1960,1961,54,"medline14n0055"
"C:/vagrants/datasci2014/data/outfile_version2/medline14n0056.txt",1961,1961,55,"medline14n0056"
"C:/vagrants/datasci2014/data/outfile_version2/medline14n0057.txt",1961,1961,56,"medline14n0057"
"C:/vagrants/datasci2014/data/outfile_version2/medline14n0058.txt",1961,1961,57,"medline14n0058"
"C:/vagrants/datasci2014/data/outfile_version2/medline14n0059.txt",1961,1962,58,"medline14n0059"
"C:/vagrants/datasci2014/data/outfile_version2/medline14n0060.txt",1962,1962,59,"medline14n0060"
"C:/vagrants/datasci2014/data/outfile_version2/medline14n0061.txt",1962,1962,60,"medline14n0061"
"C:/vagrants/datasci2014/data/outfile_version2/medline14n0062.txt",1962,1962,61,"medline14n0062"
"C:/vagrants/datasci2014/data/outfile_version2/medline14n0063.txt",1962,1963,62,"medline14n0063"
"C:/vagrants/datasci2014/data/outfile_version2/medline14n0064.txt",1963,1963,63,"medline14n0064"
"C:/vagrants/datasci2014/data/outfile_version2/medline14n0065.txt",1963,1963,64,"medline14n0065"
"C:/vagrants/datasci2014/data/outfile_version2/medline14n0066.txt",1963,1963,65,"medline14n0066"
"C:/vagrants/datasci2014/data/outfile_version2/medline14n0067.txt",1963,1963,66,"medline14n0067"
"C:/vagrants/datasci2014/data/outfile_version2/medline14n0068.txt",1963,1964,67,"medline14n0068"
"C:/vagrants/datasci2014/data/outfile_version2/medline14n0069.txt",1964,1964,68,"medline14n0069"
"C:/vagrants/datasci2014/data/outfile_version2/medline14n0070.txt",1964,1964,69,"medline14n0070"
"C:/vagrants/datasci2014/data/outfile_version2/medline14n0071.txt",1964,1964,70,"medline14n0071"
"C:/vagrants/datasci2014/data/outfile_version2/medline14n0072.txt",1964,1964,71,"medline14n0072"
"C:/vagrants/datasci2014/data/outfile_version2/medline14n0073.txt",1964,1965,72,"medline14n0073"
"C:/vagrants/datasci2014/data/outfile_version2/medline14n0074.txt",1965,1965,73,"medline14n0074"
"C:/vagrants/datasci2014/data/outfile_version2/medline14n0075.txt",1965,1965,74,"medline14n0075"
"C:/vagrants/datasci2014/data/outfile_version2/medline14n0076.txt",1965,1965,75,"medline14n0076"
"C:/vagrants/datasci2014/data/outfile_version2/medline14n0077.txt",1965,1965,76,"medline14n0077"
"C:/vagrants/datasci2014/data/outfile_version2/medline14n0078.txt",1965,1965,77,"medline14n0078"
"C:/vagrants/datasci2014/data/outfile_version2/medline14n0079.txt",1965,1966,78,"medline14n0079"
"C:/vagrants/datasci2014/data/outfile_version2/medline14n0080.txt",1966,1966,79,"medline14n0080"
"C:/vagrants/datasci2014/data/outfile_version2/medline14n0081.txt",1966,1966,80,"medline14n0081"
"C:/vagrants/datasci2014/data/outfile_version2/medline14n0082.txt",1966,1966,81,"medline14n0082"
"C:/vagrants/datasci2014/data/outfile_version2/medline14n0083.txt",1966,1966,82,"medline14n0083"
"C:/vagrants/datasci2014/data/outfile_version2/medline14n0084.txt",1966,1966,83,"medline14n0084"
"C:/vagrants/datasci2014/data/outfile_version2/medline14n0085.txt",1966,2008,84,"medline14n0085"
"C:/vagrants/datasci2014/data/outfile_version2/medline14n0086.txt",1967,1967,85,"medline14n0086"
"C:/vagrants/datasci2014/data/outfile_version2/medline14n0087.txt",1967,1967,86,"medline14n0087"
"C:/vagrants/datasci2014/data/outfile_version2/medline14n0088.txt",1967,1967,87,"medline14n0088"
"C:/vagrants/datasci2014/data/outfile_version2/medline14n0089.txt",1967,1967,88,"medline14n0089"
"C:/vagrants/datasci2014/data/outfile_version2/medline14n0090.txt",1967,1967,89,"medline14n0090"
"C:/vagrants/datasci2014/data/outfile_version2/medline14n0091.txt",1967,2008,90,"medline14n0091"
"C:/vagrants/datasci2014/data/outfile_version2/medline14n0092.txt",1967,1968,91,"medline14n0092"
"C:/vagrants/datasci2014/data/outfile_version2/medline14n0093.txt",1968,1968,92,"medline14n0093"
"C:/vagrants/datasci2014/data/outfile_version2/medline14n0094.txt",1968,1968,93,"medline14n0094"
"C:/vagrants/datasci2014/data/outfile_version2/medline14n0095.txt",1968,1968,94,"medline14n0095"
"C:/vagrants/datasci2014/data/outfile_version2/medline14n0096.txt",1968,1968,95,"medline14n0096"
"C:/vagrants/datasci2014/data/outfile_version2/medline14n0097.txt",1968,1968,96,"medline14n0097"
"C:/vagrants/datasci2014/data/outfile_version2/medline14n0098.txt",1968,1969,97,"medline14n0098"
"C:/vagrants/datasci2014/data/outfile_version2/medline14n0099.txt",1969,1969,98,"medline14n0099"
"C:/vagrants/datasci2014/data/outfile_version2/medline14n0100.txt",1969,1969,99,"medline14n0100"
"C:/vagrants/datasci2014/data/outfile_version2/medline14n0101.txt",1969,1969,100,"medline14n0101"
"C:/vagrants/datasci2014/data/outfile_version2/medline14n0102.txt",1969,1969,101,"medline14n0102"
"C:/vagrants/datasci2014/data/outfile_version2/medline14n0103.txt",1969,1969,102,"medline14n0103"
"C:/vagrants/datasci2014/data/outfile_version2/medline14n0104.txt",1969,1969,103,"medline14n0104"
"C:/vagrants/datasci2014/data/outfile_version2/medline14n0105.txt",1969,1969,104,"medline14n0105"
"C:/vagrants/datasci2014/data/outfile_version2/medline14n0106.txt",1969,1970,105,"medline14n0106"
"C:/vagrants/datasci2014/data/outfile_version2/medline14n0107.txt",1970,1970,106,"medline14n0107"
"C:/vagrants/datasci2014/data/outfile_version2/medline14n0108.txt",1970,1970,107,"medline14n0108"
"C:/vagrants/datasci2014/data/outfile_version2/medline14n0109.txt",1970,1970,108,"medline14n0109"
"C:/vagrants/datasci2014/data/outfile_version2/medline14n0110.txt",1970,1970,109,"medline14n0110"
"C:/vagrants/datasci2014/data/outfile_version2/medline14n0111.txt",1970,1970,110,"medline14n0111"
"C:/vagrants/datasci2014/data/outfile_version2/medline14n0112.txt",1970,1970,111,"medline14n0112"
"C:/vagrants/datasci2014/data/outfile_version2/medline14n0113.txt",1970,1971,112,"medline14n0113"
"C:/vagrants/datasci2014/data/outfile_version2/medline14n0114.txt",1971,1971,113,"medline14n0114"
"C:/vagrants/datasci2014/data/outfile_version2/medline14n0115.txt",1971,1971,114,"medline14n0115"
"C:/vagrants/datasci2014/data/outfile_version2/medline14n0116.txt",1971,1971,115,"medline14n0116"
"C:/vagrants/datasci2014/data/outfile_version2/medline14n0117.txt",1971,1971,116,"medline14n0117"
"C:/vagrants/datasci2014/data/outfile_version2/medline14n0118.txt",1971,1971,117,"medline14n0118"
"C:/vagrants/datasci2014/data/outfile_version2/medline14n0119.txt",1971,1971,118,"medline14n0119"
"C:/vagrants/datasci2014/data/outfile_version2/medline14n0120.txt",1971,1972,119,"medline14n0120"
"C:/vagrants/datasci2014/data/outfile_version2/medline14n0121.txt",1972,1972,120,"medline14n0121"
"C:/vagrants/datasci2014/data/outfile_version2/medline14n0122.txt",1972,1972,121,"medline14n0122"
"C:/vagrants/datasci2014/data/outfile_version2/medline14n0123.txt",1972,1972,122,"medline14n0123"
"C:/vagrants/datasci2014/data/outfile_version2/medline14n0124.txt",1972,1972,123,"medline14n0124"
"C:/vagrants/datasci2014/data/outfile_version2/medline14n0125.txt",1972,1972,124,"medline14n0125"
"C:/vagrants/datasci2014/data/outfile_version2/medline14n0126.txt",1972,1972,125,"medline14n0126"
"C:/vagrants/datasci2014/data/outfile_version2/medline14n0127.txt",1972,1972,126,"medline14n0127"
"C:/vagrants/datasci2014/data/outfile_version2/medline14n0128.txt",1972,1973,127,"medline14n0128"
"C:/vagrants/datasci2014/data/outfile_version2/medline14n0129.txt",1973,1973,128,"medline14n0129"
"C:/vagrants/datasci2014/data/outfile_version2/medline14n0130.txt",1973,1973,129,"medline14n0130"
"C:/vagrants/datasci2014/data/outfile_version2/medline14n0131.txt",1973,1973,130,"medline14n0131"
"C:/vagrants/datasci2014/data/outfile_version2/medline14n0132.txt",1973,1973,131,"medline14n0132"
"C:/vagrants/datasci2014/data/outfile_version2/medline14n0133.txt",1973,1973,132,"medline14n0133"
"C:/vagrants/datasci2014/data/outfile_version2/medline14n0134.txt",1973,1973,133,"medline14n0134"
"C:/vagrants/datasci2014/data/outfile_version2/medline14n0135.txt",1973,1974,134,"medline14n0135"
"C:/vagrants/datasci2014/data/outfile_version2/medline14n0136.txt",1974,1974,135,"medline14n0136"
"C:/vagrants/datasci2014/data/outfile_version2/medline14n0137.txt",1974,1974,136,"medline14n0137"
"C:/vagrants/datasci2014/data/outfile_version2/medline14n0138.txt",1974,1974,137,"medline14n0138"
"C:/vagrants/datasci2014/data/outfile_version2/medline14n0139.txt",1974,1974,138,"medline14n0139"
"C:/vagrants/datasci2014/data/outfile_version2/medline14n0140.txt",1974,1974,139,"medline14n0140"
"C:/vagrants/datasci2014/data/outfile_version2/medline14n0141.txt",1974,1974,140,"medline14n0141"
"C:/vagrants/datasci2014/data/outfile_version2/medline14n0142.txt",1974,1974,141,"medline14n0142"
"C:/vagrants/datasci2014/data/outfile_version2/medline14n0143.txt",1974,1975,142,"medline14n0143"
"C:/vagrants/datasci2014/data/outfile_version2/medline14n0144.txt",1975,1975,143,"medline14n0144"
"C:/vagrants/datasci2014/data/outfile_version2/medline14n0145.txt",1975,1975,144,"medline14n0145"
"C:/vagrants/datasci2014/data/outfile_version2/medline14n0146.txt",1975,1975,145,"medline14n0146"
"C:/vagrants/datasci2014/data/outfile_version2/medline14n0147.txt",1975,1975,146,"medline14n0147"
"C:/vagrants/datasci2014/data/outfile_version2/medline14n0148.txt",1975,1975,147,"medline14n0148"
"C:/vagrants/datasci2014/data/outfile_version2/medline14n0149.txt",1975,1975,148,"medline14n0149"
"C:/vagrants/datasci2014/data/outfile_version2/medline14n0150.txt",1975,1975,149,"medline14n0150"
"C:/vagrants/datasci2014/data/outfile_version2/medline14n0151.txt",1975,2009,150,"medline14n0151"
"C:/vagrants/datasci2014/data/outfile_version2/medline14n0152.txt",1975,1976,151,"medline14n0152"
"C:/vagrants/datasci2014/data/outfile_version2/medline14n0153.txt",1976,1976,152,"medline14n0153"
"C:/vagrants/datasci2014/data/outfile_version2/medline14n0154.txt",1976,1976,153,"medline14n0154"
"C:/vagrants/datasci2014/data/outfile_version2/medline14n0155.txt",1976,1976,154,"medline14n0155"
"C:/vagrants/datasci2014/data/outfile_version2/medline14n0156.txt",1976,1976,155,"medline14n0156"
"C:/vagrants/datasci2014/data/outfile_version2/medline14n0157.txt",1976,1976,156,"medline14n0157"
"C:/vagrants/datasci2014/data/outfile_version2/medline14n0158.txt",1976,1976,157,"medline14n0158"
"C:/vagrants/datasci2014/data/outfile_version2/medline14n0159.txt",1976,1976,158,"medline14n0159"
"C:/vagrants/datasci2014/data/outfile_version2/medline14n0160.txt",1976,1977,159,"medline14n0160"
"C:/vagrants/datasci2014/data/outfile_version2/medline14n0161.txt",1977,1977,160,"medline14n0161"
"C:/vagrants/datasci2014/data/outfile_version2/medline14n0162.txt",1977,1977,161,"medline14n0162"
"C:/vagrants/datasci2014/data/outfile_version2/medline14n0163.txt",1977,1977,162,"medline14n0163"
"C:/vagrants/datasci2014/data/outfile_version2/medline14n0164.txt",1977,1977,163,"medline14n0164"
"C:/vagrants/datasci2014/data/outfile_version2/medline14n0165.txt",1977,1977,164,"medline14n0165"
"C:/vagrants/datasci2014/data/outfile_version2/medline14n0166.txt",1977,1977,165,"medline14n0166"
"C:/vagrants/datasci2014/data/outfile_version2/medline14n0167.txt",1977,1977,166,"medline14n0167"
"C:/vagrants/datasci2014/data/outfile_version2/medline14n0168.txt",1977,1977,167,"medline14n0168"
"C:/vagrants/datasci2014/data/outfile_version2/medline14n0169.txt",1977,2010,168,"medline14n0169"
"C:/vagrants/datasci2014/data/outfile_version2/medline14n0170.txt",1978,1978,169,"medline14n0170"
"C:/vagrants/datasci2014/data/outfile_version2/medline14n0171.txt",1978,1978,170,"medline14n0171"
"C:/vagrants/datasci2014/data/outfile_version2/medline14n0172.txt",1978,1978,171,"medline14n0172"
"C:/vagrants/datasci2014/data/outfile_version2/medline14n0173.txt",1978,1978,172,"medline14n0173"
"C:/vagrants/datasci2014/data/outfile_version2/medline14n0174.txt",1978,1978,173,"medline14n0174"
"C:/vagrants/datasci2014/data/outfile_version2/medline14n0175.txt",1978,1978,174,"medline14n0175"
"C:/vagrants/datasci2014/data/outfile_version2/medline14n0176.txt",1978,1978,175,"medline14n0176"
"C:/vagrants/datasci2014/data/outfile_version2/medline14n0177.txt",1978,1978,176,"medline14n0177"
"C:/vagrants/datasci2014/data/outfile_version2/medline14n0178.txt",1978,1979,177,"medline14n0178"
"C:/vagrants/datasci2014/data/outfile_version2/medline14n0179.txt",1979,1979,178,"medline14n0179"
"C:/vagrants/datasci2014/data/outfile_version2/medline14n0180.txt",1979,1979,179,"medline14n0180"
"C:/vagrants/datasci2014/data/outfile_version2/medline14n0181.txt",1979,1979,180,"medline14n0181"
"C:/vagrants/datasci2014/data/outfile_version2/medline14n0182.txt",1979,1979,181,"medline14n0182"
"C:/vagrants/datasci2014/data/outfile_version2/medline14n0183.txt",1979,1979,182,"medline14n0183"
"C:/vagrants/datasci2014/data/outfile_version2/medline14n0184.txt",1979,1979,183,"medline14n0184"
"C:/vagrants/datasci2014/data/outfile_version2/medline14n0185.txt",1979,1979,184,"medline14n0185"
"C:/vagrants/datasci2014/data/outfile_version2/medline14n0186.txt",1979,1979,185,"medline14n0186"
"C:/vagrants/datasci2014/data/outfile_version2/medline14n0187.txt",1979,1980,186,"medline14n0187"
"C:/vagrants/datasci2014/data/outfile_version2/medline14n0188.txt",1980,1980,187,"medline14n0188"
"C:/vagrants/datasci2014/data/outfile_version2/medline14n0189.txt",1980,1980,188,"medline14n0189"
"C:/vagrants/datasci2014/data/outfile_version2/medline14n0190.txt",1980,1980,189,"medline14n0190"
"C:/vagrants/datasci2014/data/outfile_version2/medline14n0191.txt",1980,1980,190,"medline14n0191"
"C:/vagrants/datasci2014/data/outfile_version2/medline14n0192.txt",1980,1980,191,"medline14n0192"
"C:/vagrants/datasci2014/data/outfile_version2/medline14n0193.txt",1980,1980,192,"medline14n0193"
"C:/vagrants/datasci2014/data/outfile_version2/medline14n0194.txt",1980,1980,193,"medline14n0194"
"C:/vagrants/datasci2014/data/outfile_version2/medline14n0195.txt",1980,1980,194,"medline14n0195"
"C:/vagrants/datasci2014/data/outfile_version2/medline14n0196.txt",1980,1981,195,"medline14n0196"
"C:/vagrants/datasci2014/data/outfile_version2/medline14n0197.txt",1981,1981,196,"medline14n0197"
"C:/vagrants/datasci2014/data/outfile_version2/medline14n0198.txt",1981,1981,197,"medline14n0198"
"C:/vagrants/datasci2014/data/outfile_version2/medline14n0199.txt",1981,1981,198,"medline14n0199"
"C:/vagrants/datasci2014/data/outfile_version2/medline14n0200.txt",1981,1981,199,"medline14n0200"
"C:/vagrants/datasci2014/data/outfile_version2/medline14n0201.txt",1981,1981,200,"medline14n0201"
"C:/vagrants/datasci2014/data/outfile_version2/medline14n0202.txt",1981,1981,201,"medline14n0202"
"C:/vagrants/datasci2014/data/outfile_version2/medline14n0203.txt",1981,1981,202,"medline14n0203"
"C:/vagrants/datasci2014/data/outfile_version2/medline14n0204.txt",1981,1981,203,"medline14n0204"
"C:/vagrants/datasci2014/data/outfile_version2/medline14n0205.txt",1981,1981,204,"medline14n0205"
"C:/vagrants/datasci2014/data/outfile_version2/medline14n0206.txt",1981,1982,205,"medline14n0206"
"C:/vagrants/datasci2014/data/outfile_version2/medline14n0207.txt",1982,1982,206,"medline14n0207"
"C:/vagrants/datasci2014/data/outfile_version2/medline14n0208.txt",1982,1982,207,"medline14n0208"
"C:/vagrants/datasci2014/data/outfile_version2/medline14n0209.txt",1982,1982,208,"medline14n0209"
"C:/vagrants/datasci2014/data/outfile_version2/medline14n0210.txt",1982,1982,209,"medline14n0210"
"C:/vagrants/datasci2014/data/outfile_version2/medline14n0211.txt",1982,1982,210,"medline14n0211"
"C:/vagrants/datasci2014/data/outfile_version2/medline14n0212.txt",1982,1982,211,"medline14n0212"
"C:/vagrants/datasci2014/data/outfile_version2/medline14n0213.txt",1982,1982,212,"medline14n0213"
"C:/vagrants/datasci2014/data/outfile_version2/medline14n0214.txt",1982,1982,213,"medline14n0214"
"C:/vagrants/datasci2014/data/outfile_version2/medline14n0215.txt",1982,1983,214,"medline14n0215"
"C:/vagrants/datasci2014/data/outfile_version2/medline14n0216.txt",1983,1983,215,"medline14n0216"
"C:/vagrants/datasci2014/data/outfile_version2/medline14n0217.txt",1983,1983,216,"medline14n0217"
"C:/vagrants/datasci2014/data/outfile_version2/medline14n0218.txt",1983,1983,217,"medline14n0218"
"C:/vagrants/datasci2014/data/outfile_version2/medline14n0219.txt",1983,1983,218,"medline14n0219"
"C:/vagrants/datasci2014/data/outfile_version2/medline14n0220.txt",1983,1983,219,"medline14n0220"
"C:/vagrants/datasci2014/data/outfile_version2/medline14n0221.txt",1983,1983,220,"medline14n0221"
"C:/vagrants/datasci2014/data/outfile_version2/medline14n0222.txt",1983,1983,221,"medline14n0222"
"C:/vagrants/datasci2014/data/outfile_version2/medline14n0223.txt",1983,1983,222,"medline14n0223"
"C:/vagrants/datasci2014/data/outfile_version2/medline14n0224.txt",1983,1983,223,"medline14n0224"
"C:/vagrants/datasci2014/data/outfile_version2/medline14n0225.txt",1983,1983,224,"medline14n0225"
"C:/vagrants/datasci2014/data/outfile_version2/medline14n0226.txt",1983,1984,225,"medline14n0226"
"C:/vagrants/datasci2014/data/outfile_version2/medline14n0227.txt",1984,1984,226,"medline14n0227"
"C:/vagrants/datasci2014/data/outfile_version2/medline14n0228.txt",1984,1984,227,"medline14n0228"
"C:/vagrants/datasci2014/data/outfile_version2/medline14n0229.txt",1984,1984,228,"medline14n0229"
"C:/vagrants/datasci2014/data/outfile_version2/medline14n0230.txt",1984,1984,229,"medline14n0230"
"C:/vagrants/datasci2014/data/outfile_version2/medline14n0231.txt",1984,1984,230,"medline14n0231"
"C:/vagrants/datasci2014/data/outfile_version2/medline14n0232.txt",1984,1984,231,"medline14n0232"
"C:/vagrants/datasci2014/data/outfile_version2/medline14n0233.txt",1984,1984,232,"medline14n0233"
"C:/vagrants/datasci2014/data/outfile_version2/medline14n0234.txt",1984,1984,233,"medline14n0234"
"C:/vagrants/datasci2014/data/outfile_version2/medline14n0235.txt",1984,1984,234,"medline14n0235"
"C:/vagrants/datasci2014/data/outfile_version2/medline14n0236.txt",1984,2012,235,"medline14n0236"
"C:/vagrants/datasci2014/data/outfile_version2/medline14n0237.txt",1985,1985,236,"medline14n0237"
"C:/vagrants/datasci2014/data/outfile_version2/medline14n0238.txt",1985,1985,237,"medline14n0238"
"C:/vagrants/datasci2014/data/outfile_version2/medline14n0239.txt",1985,1985,238,"medline14n0239"
"C:/vagrants/datasci2014/data/outfile_version2/medline14n0240.txt",1985,1985,239,"medline14n0240"
"C:/vagrants/datasci2014/data/outfile_version2/medline14n0241.txt",1985,1985,240,"medline14n0241"
"C:/vagrants/datasci2014/data/outfile_version2/medline14n0242.txt",1985,1985,241,"medline14n0242"
"C:/vagrants/datasci2014/data/outfile_version2/medline14n0243.txt",1985,1985,242,"medline14n0243"
"C:/vagrants/datasci2014/data/outfile_version2/medline14n0244.txt",1985,1985,243,"medline14n0244"
"C:/vagrants/datasci2014/data/outfile_version2/medline14n0245.txt",1985,1985,244,"medline14n0245"
"C:/vagrants/datasci2014/data/outfile_version2/medline14n0246.txt",1985,1985,245,"medline14n0246"
"C:/vagrants/datasci2014/data/outfile_version2/medline14n0247.txt",1985,2012,246,"medline14n0247"
"C:/vagrants/datasci2014/data/outfile_version2/medline14n0248.txt",1986,1986,247,"medline14n0248"
"C:/vagrants/datasci2014/data/outfile_version2/medline14n0249.txt",1986,1986,248,"medline14n0249"
"C:/vagrants/datasci2014/data/outfile_version2/medline14n0250.txt",1986,1986,249,"medline14n0250"
"C:/vagrants/datasci2014/data/outfile_version2/medline14n0251.txt",1986,1986,250,"medline14n0251"
"C:/vagrants/datasci2014/data/outfile_version2/medline14n0252.txt",1986,1986,251,"medline14n0252"
"C:/vagrants/datasci2014/data/outfile_version2/medline14n0253.txt",1986,1986,252,"medline14n0253"
"C:/vagrants/datasci2014/data/outfile_version2/medline14n0254.txt",1986,1986,253,"medline14n0254"
"C:/vagrants/datasci2014/data/outfile_version2/medline14n0255.txt",1986,1986,254,"medline14n0255"
"C:/vagrants/datasci2014/data/outfile_version2/medline14n0256.txt",1986,1986,255,"medline14n0256"
"C:/vagrants/datasci2014/data/outfile_version2/medline14n0257.txt",1986,1986,256,"medline14n0257"
"C:/vagrants/datasci2014/data/outfile_version2/medline14n0258.txt",1986,2011,257,"medline14n0258"
"C:/vagrants/datasci2014/data/outfile_version2/medline14n0259.txt",1987,1987,258,"medline14n0259"
"C:/vagrants/datasci2014/data/outfile_version2/medline14n0260.txt",1987,1987,259,"medline14n0260"
"C:/vagrants/datasci2014/data/outfile_version2/medline14n0261.txt",1987,1987,260,"medline14n0261"
"C:/vagrants/datasci2014/data/outfile_version2/medline14n0262.txt",1987,1987,261,"medline14n0262"
"C:/vagrants/datasci2014/data/outfile_version2/medline14n0263.txt",1987,1987,262,"medline14n0263"
"C:/vagrants/datasci2014/data/outfile_version2/medline14n0264.txt",1987,1987,263,"medline14n0264"
"C:/vagrants/datasci2014/data/outfile_version2/medline14n0265.txt",1987,1987,264,"medline14n0265"
"C:/vagrants/datasci2014/data/outfile_version2/medline14n0266.txt",1987,1987,265,"medline14n0266"
"C:/vagrants/datasci2014/data/outfile_version2/medline14n0267.txt",1987,1987,266,"medline14n0267"
"C:/vagrants/datasci2014/data/outfile_version2/medline14n0268.txt",1987,1987,267,"medline14n0268"
"C:/vagrants/datasci2014/data/outfile_version2/medline14n0269.txt",1987,1987,268,"medline14n0269"
"C:/vagrants/datasci2014/data/outfile_version2/medline14n0270.txt",1987,2011,269,"medline14n0270"
"C:/vagrants/datasci2014/data/outfile_version2/medline14n0271.txt",1988,1988,270,"medline14n0271"
"C:/vagrants/datasci2014/data/outfile_version2/medline14n0272.txt",1988,1988,271,"medline14n0272"
"C:/vagrants/datasci2014/data/outfile_version2/medline14n0273.txt",1988,1988,272,"medline14n0273"
"C:/vagrants/datasci2014/data/outfile_version2/medline14n0274.txt",1988,1988,273,"medline14n0274"
"C:/vagrants/datasci2014/data/outfile_version2/medline14n0275.txt",1988,1988,274,"medline14n0275"
"C:/vagrants/datasci2014/data/outfile_version2/medline14n0276.txt",1988,1988,275,"medline14n0276"
"C:/vagrants/datasci2014/data/outfile_version2/medline14n0277.txt",1988,1988,276,"medline14n0277"
"C:/vagrants/datasci2014/data/outfile_version2/medline14n0278.txt",1988,1988,277,"medline14n0278"
"C:/vagrants/datasci2014/data/outfile_version2/medline14n0279.txt",1988,1988,278,"medline14n0279"
"C:/vagrants/datasci2014/data/outfile_version2/medline14n0280.txt",1988,1988,279,"medline14n0280"
"C:/vagrants/datasci2014/data/outfile_version2/medline14n0281.txt",1988,1988,280,"medline14n0281"
"C:/vagrants/datasci2014/data/outfile_version2/medline14n0282.txt",1988,1988,281,"medline14n0282"
"C:/vagrants/datasci2014/data/outfile_version2/medline14n0283.txt",1988,2013,282,"medline14n0283"
"C:/vagrants/datasci2014/data/outfile_version2/medline14n0284.txt",1989,1989,283,"medline14n0284"
"C:/vagrants/datasci2014/data/outfile_version2/medline14n0285.txt",1989,1989,284,"medline14n0285"
"C:/vagrants/datasci2014/data/outfile_version2/medline14n0286.txt",1989,1989,285,"medline14n0286"
"C:/vagrants/datasci2014/data/outfile_version2/medline14n0287.txt",1989,1989,286,"medline14n0287"
"C:/vagrants/datasci2014/data/outfile_version2/medline14n0288.txt",1989,1989,287,"medline14n0288"
"C:/vagrants/datasci2014/data/outfile_version2/medline14n0289.txt",1989,1989,288,"medline14n0289"
"C:/vagrants/datasci2014/data/outfile_version2/medline14n0290.txt",1989,1989,289,"medline14n0290"
"C:/vagrants/datasci2014/data/outfile_version2/medline14n0291.txt",1989,1989,290,"medline14n0291"
"C:/vagrants/datasci2014/data/outfile_version2/medline14n0292.txt",1989,1989,291,"medline14n0292"
"C:/vagrants/datasci2014/data/outfile_version2/medline14n0293.txt",1989,1989,292,"medline14n0293"
"C:/vagrants/datasci2014/data/outfile_version2/medline14n0294.txt",1989,1989,293,"medline14n0294"
"C:/vagrants/datasci2014/data/outfile_version2/medline14n0295.txt",1989,1989,294,"medline14n0295"
"C:/vagrants/datasci2014/data/outfile_version2/medline14n0296.txt",1989,2013,295,"medline14n0296"
"C:/vagrants/datasci2014/data/outfile_version2/medline14n0297.txt",1990,1990,296,"medline14n0297"
"C:/vagrants/datasci2014/data/outfile_version2/medline14n0298.txt",1990,1990,297,"medline14n0298"
"C:/vagrants/datasci2014/data/outfile_version2/medline14n0299.txt",1990,1990,298,"medline14n0299"
"C:/vagrants/datasci2014/data/outfile_version2/medline14n0300.txt",1990,1990,299,"medline14n0300"
"C:/vagrants/datasci2014/data/outfile_version2/medline14n0301.txt",1990,1990,300,"medline14n0301"
"C:/vagrants/datasci2014/data/outfile_version2/medline14n0302.txt",1990,1990,301,"medline14n0302"
"C:/vagrants/datasci2014/data/outfile_version2/medline14n0303.txt",1990,1990,302,"medline14n0303"
"C:/vagrants/datasci2014/data/outfile_version2/medline14n0304.txt",1990,1990,303,"medline14n0304"
"C:/vagrants/datasci2014/data/outfile_version2/medline14n0305.txt",1990,1990,304,"medline14n0305"
"C:/vagrants/datasci2014/data/outfile_version2/medline14n0306.txt",1990,1990,305,"medline14n0306"
"C:/vagrants/datasci2014/data/outfile_version2/medline14n0307.txt",1990,1990,306,"medline14n0307"
"C:/vagrants/datasci2014/data/outfile_version2/medline14n0308.txt",1990,1990,307,"medline14n0308"
"C:/vagrants/datasci2014/data/outfile_version2/medline14n0309.txt",1990,2011,308,"medline14n0309"
"C:/vagrants/datasci2014/data/outfile_version2/medline14n0310.txt",1991,1991,309,"medline14n0310"
"C:/vagrants/datasci2014/data/outfile_version2/medline14n0311.txt",1991,1991,310,"medline14n0311"
"C:/vagrants/datasci2014/data/outfile_version2/medline14n0312.txt",1991,1991,311,"medline14n0312"
"C:/vagrants/datasci2014/data/outfile_version2/medline14n0313.txt",1991,1991,312,"medline14n0313"
"C:/vagrants/datasci2014/data/outfile_version2/medline14n0314.txt",1991,1991,313,"medline14n0314"
"C:/vagrants/datasci2014/data/outfile_version2/medline14n0315.txt",1991,1991,314,"medline14n0315"
"C:/vagrants/datasci2014/data/outfile_version2/medline14n0316.txt",1991,1991,315,"medline14n0316"
"C:/vagrants/datasci2014/data/outfile_version2/medline14n0317.txt",1991,1991,316,"medline14n0317"
"C:/vagrants/datasci2014/data/outfile_version2/medline14n0318.txt",1991,1991,317,"medline14n0318"
"C:/vagrants/datasci2014/data/outfile_version2/medline14n0319.txt",1991,1991,318,"medline14n0319"
"C:/vagrants/datasci2014/data/outfile_version2/medline14n0320.txt",1991,1991,319,"medline14n0320"
"C:/vagrants/datasci2014/data/outfile_version2/medline14n0321.txt",1991,1991,320,"medline14n0321"
"C:/vagrants/datasci2014/data/outfile_version2/medline14n0322.txt",1991,2011,321,"medline14n0322"
"C:/vagrants/datasci2014/data/outfile_version2/medline14n0323.txt",1992,1992,322,"medline14n0323"
"C:/vagrants/datasci2014/data/outfile_version2/medline14n0324.txt",1992,1992,323,"medline14n0324"
"C:/vagrants/datasci2014/data/outfile_version2/medline14n0325.txt",1992,1992,324,"medline14n0325"
"C:/vagrants/datasci2014/data/outfile_version2/medline14n0326.txt",1992,1992,325,"medline14n0326"
"C:/vagrants/datasci2014/data/outfile_version2/medline14n0327.txt",1992,1992,326,"medline14n0327"
"C:/vagrants/datasci2014/data/outfile_version2/medline14n0328.txt",1992,1992,327,"medline14n0328"
"C:/vagrants/datasci2014/data/outfile_version2/medline14n0329.txt",1992,1992,328,"medline14n0329"
"C:/vagrants/datasci2014/data/outfile_version2/medline14n0330.txt",1992,1992,329,"medline14n0330"
"C:/vagrants/datasci2014/data/outfile_version2/medline14n0331.txt",1992,1992,330,"medline14n0331"
"C:/vagrants/datasci2014/data/outfile_version2/medline14n0332.txt",1992,1992,331,"medline14n0332"
"C:/vagrants/datasci2014/data/outfile_version2/medline14n0333.txt",1992,1992,332,"medline14n0333"
"C:/vagrants/datasci2014/data/outfile_version2/medline14n0334.txt",1992,1992,333,"medline14n0334"
"C:/vagrants/datasci2014/data/outfile_version2/medline14n0335.txt",1992,1992,334,"medline14n0335"
"C:/vagrants/datasci2014/data/outfile_version2/medline14n0336.txt",1992,2011,335,"medline14n0336"
"C:/vagrants/datasci2014/data/outfile_version2/medline14n0337.txt",1993,1993,336,"medline14n0337"
"C:/vagrants/datasci2014/data/outfile_version2/medline14n0338.txt",1993,1993,337,"medline14n0338"
"C:/vagrants/datasci2014/data/outfile_version2/medline14n0339.txt",1993,1993,338,"medline14n0339"
"C:/vagrants/datasci2014/data/outfile_version2/medline14n0340.txt",1993,1993,339,"medline14n0340"
"C:/vagrants/datasci2014/data/outfile_version2/medline14n0341.txt",1993,1993,340,"medline14n0341"
"C:/vagrants/datasci2014/data/outfile_version2/medline14n0342.txt",1993,1993,341,"medline14n0342"
"C:/vagrants/datasci2014/data/outfile_version2/medline14n0343.txt",1993,1993,342,"medline14n0343"
"C:/vagrants/datasci2014/data/outfile_version2/medline14n0344.txt",1993,1993,343,"medline14n0344"
"C:/vagrants/datasci2014/data/outfile_version2/medline14n0345.txt",1993,1993,344,"medline14n0345"
"C:/vagrants/datasci2014/data/outfile_version2/medline14n0346.txt",1993,1993,345,"medline14n0346"
"C:/vagrants/datasci2014/data/outfile_version2/medline14n0347.txt",1993,1993,346,"medline14n0347"
"C:/vagrants/datasci2014/data/outfile_version2/medline14n0348.txt",1993,1993,347,"medline14n0348"
"C:/vagrants/datasci2014/data/outfile_version2/medline14n0349.txt",1993,2011,348,"medline14n0349"
"C:/vagrants/datasci2014/data/outfile_version2/medline14n0350.txt",1994,2004,349,"medline14n0350"
"C:/vagrants/datasci2014/data/outfile_version2/medline14n0351.txt",1994,1994,350,"medline14n0351"
"C:/vagrants/datasci2014/data/outfile_version2/medline14n0352.txt",1994,1994,351,"medline14n0352"
"C:/vagrants/datasci2014/data/outfile_version2/medline14n0353.txt",1994,1994,352,"medline14n0353"
"C:/vagrants/datasci2014/data/outfile_version2/medline14n0354.txt",1994,1994,353,"medline14n0354"
"C:/vagrants/datasci2014/data/outfile_version2/medline14n0355.txt",1994,1994,354,"medline14n0355"
"C:/vagrants/datasci2014/data/outfile_version2/medline14n0356.txt",1994,1994,355,"medline14n0356"
"C:/vagrants/datasci2014/data/outfile_version2/medline14n0357.txt",1994,1994,356,"medline14n0357"
"C:/vagrants/datasci2014/data/outfile_version2/medline14n0358.txt",1994,1994,357,"medline14n0358"
"C:/vagrants/datasci2014/data/outfile_version2/medline14n0359.txt",1994,1994,358,"medline14n0359"
"C:/vagrants/datasci2014/data/outfile_version2/medline14n0360.txt",1994,1994,359,"medline14n0360"
"C:/vagrants/datasci2014/data/outfile_version2/medline14n0361.txt",1994,1994,360,"medline14n0361"
"C:/vagrants/datasci2014/data/outfile_version2/medline14n0362.txt",1994,1994,361,"medline14n0362"
"C:/vagrants/datasci2014/data/outfile_version2/medline14n0363.txt",1994,2011,362,"medline14n0363"
"C:/vagrants/datasci2014/data/outfile_version2/medline14n0364.txt",1995,2003,363,"medline14n0364"
"C:/vagrants/datasci2014/data/outfile_version2/medline14n0365.txt",1995,1995,364,"medline14n0365"
"C:/vagrants/datasci2014/data/outfile_version2/medline14n0366.txt",1995,1995,365,"medline14n0366"
"C:/vagrants/datasci2014/data/outfile_version2/medline14n0367.txt",1995,1995,366,"medline14n0367"
"C:/vagrants/datasci2014/data/outfile_version2/medline14n0368.txt",1995,1995,367,"medline14n0368"
"C:/vagrants/datasci2014/data/outfile_version2/medline14n0369.txt",1995,1995,368,"medline14n0369"
"C:/vagrants/datasci2014/data/outfile_version2/medline14n0370.txt",1995,1995,369,"medline14n0370"
"C:/vagrants/datasci2014/data/outfile_version2/medline14n0371.txt",1995,1995,370,"medline14n0371"
"C:/vagrants/datasci2014/data/outfile_version2/medline14n0372.txt",1995,1995,371,"medline14n0372"
"C:/vagrants/datasci2014/data/outfile_version2/medline14n0373.txt",1995,1995,372,"medline14n0373"
"C:/vagrants/datasci2014/data/outfile_version2/medline14n0374.txt",1995,1995,373,"medline14n0374"
"C:/vagrants/datasci2014/data/outfile_version2/medline14n0375.txt",1995,1995,374,"medline14n0375"
"C:/vagrants/datasci2014/data/outfile_version2/medline14n0376.txt",1995,1995,375,"medline14n0376"
"C:/vagrants/datasci2014/data/outfile_version2/medline14n0377.txt",1995,1995,376,"medline14n0377"
"C:/vagrants/datasci2014/data/outfile_version2/medline14n0378.txt",1995,2011,377,"medline14n0378"
"C:/vagrants/datasci2014/data/outfile_version2/medline14n0379.txt",1996,1996,378,"medline14n0379"
"C:/vagrants/datasci2014/data/outfile_version2/medline14n0380.txt",1996,1996,379,"medline14n0380"
"C:/vagrants/datasci2014/data/outfile_version2/medline14n0381.txt",1996,1996,380,"medline14n0381"
"C:/vagrants/datasci2014/data/outfile_version2/medline14n0382.txt",1996,1996,381,"medline14n0382"
"C:/vagrants/datasci2014/data/outfile_version2/medline14n0383.txt",1996,1996,382,"medline14n0383"
"C:/vagrants/datasci2014/data/outfile_version2/medline14n0384.txt",1996,1996,383,"medline14n0384"
"C:/vagrants/datasci2014/data/outfile_version2/medline14n0385.txt",1996,1996,384,"medline14n0385"
"C:/vagrants/datasci2014/data/outfile_version2/medline14n0386.txt",1996,1996,385,"medline14n0386"
"C:/vagrants/datasci2014/data/outfile_version2/medline14n0387.txt",1996,1996,386,"medline14n0387"
"C:/vagrants/datasci2014/data/outfile_version2/medline14n0388.txt",1996,1996,387,"medline14n0388"
"C:/vagrants/datasci2014/data/outfile_version2/medline14n0389.txt",1996,1996,388,"medline14n0389"
"C:/vagrants/datasci2014/data/outfile_version2/medline14n0390.txt",1996,1996,389,"medline14n0390"
"C:/vagrants/datasci2014/data/outfile_version2/medline14n0391.txt",1996,1996,390,"medline14n0391"
"C:/vagrants/datasci2014/data/outfile_version2/medline14n0392.txt",1996,2013,391,"medline14n0392"
"C:/vagrants/datasci2014/data/outfile_version2/medline14n0393.txt",1997,1997,392,"medline14n0393"
"C:/vagrants/datasci2014/data/outfile_version2/medline14n0394.txt",1997,1997,393,"medline14n0394"
"C:/vagrants/datasci2014/data/outfile_version2/medline14n0395.txt",1997,1997,394,"medline14n0395"
"C:/vagrants/datasci2014/data/outfile_version2/medline14n0396.txt",1997,1997,395,"medline14n0396"
"C:/vagrants/datasci2014/data/outfile_version2/medline14n0397.txt",1997,1997,396,"medline14n0397"
"C:/vagrants/datasci2014/data/outfile_version2/medline14n0398.txt",1997,1997,397,"medline14n0398"
"C:/vagrants/datasci2014/data/outfile_version2/medline14n0399.txt",1997,1997,398,"medline14n0399"
"C:/vagrants/datasci2014/data/outfile_version2/medline14n0400.txt",1997,1997,399,"medline14n0400"
"C:/vagrants/datasci2014/data/outfile_version2/medline14n0401.txt",1997,1997,400,"medline14n0401"
"C:/vagrants/datasci2014/data/outfile_version2/medline14n0402.txt",1997,1997,401,"medline14n0402"
"C:/vagrants/datasci2014/data/outfile_version2/medline14n0403.txt",1997,1997,402,"medline14n0403"
"C:/vagrants/datasci2014/data/outfile_version2/medline14n0404.txt",1997,1997,403,"medline14n0404"
"C:/vagrants/datasci2014/data/outfile_version2/medline14n0405.txt",1997,1997,404,"medline14n0405"
"C:/vagrants/datasci2014/data/outfile_version2/medline14n0406.txt",1997,1997,405,"medline14n0406"
"C:/vagrants/datasci2014/data/outfile_version2/medline14n0407.txt",1997,2011,406,"medline14n0407"
"C:/vagrants/datasci2014/data/outfile_version2/medline14n0408.txt",1998,1998,407,"medline14n0408"
"C:/vagrants/datasci2014/data/outfile_version2/medline14n0409.txt",1998,1998,408,"medline14n0409"
"C:/vagrants/datasci2014/data/outfile_version2/medline14n0410.txt",1998,1998,409,"medline14n0410"
"C:/vagrants/datasci2014/data/outfile_version2/medline14n0411.txt",1998,1998,410,"medline14n0411"
"C:/vagrants/datasci2014/data/outfile_version2/medline14n0412.txt",1998,1998,411,"medline14n0412"
"C:/vagrants/datasci2014/data/outfile_version2/medline14n0413.txt",1998,1998,412,"medline14n0413"
"C:/vagrants/datasci2014/data/outfile_version2/medline14n0414.txt",1998,1998,413,"medline14n0414"
"C:/vagrants/datasci2014/data/outfile_version2/medline14n0415.txt",1998,1998,414,"medline14n0415"
"C:/vagrants/datasci2014/data/outfile_version2/medline14n0416.txt",1998,1998,415,"medline14n0416"
"C:/vagrants/datasci2014/data/outfile_version2/medline14n0417.txt",1998,1998,416,"medline14n0417"
"C:/vagrants/datasci2014/data/outfile_version2/medline14n0418.txt",1998,1998,417,"medline14n0418"
"C:/vagrants/datasci2014/data/outfile_version2/medline14n0419.txt",1998,1998,418,"medline14n0419"
"C:/vagrants/datasci2014/data/outfile_version2/medline14n0420.txt",1998,1998,419,"medline14n0420"
"C:/vagrants/datasci2014/data/outfile_version2/medline14n0421.txt",1998,1998,420,"medline14n0421"
"C:/vagrants/datasci2014/data/outfile_version2/medline14n0422.txt",1998,2011,421,"medline14n0422"
"C:/vagrants/datasci2014/data/outfile_version2/medline14n0423.txt",1999,1999,422,"medline14n0423"
"C:/vagrants/datasci2014/data/outfile_version2/medline14n0424.txt",1999,1999,423,"medline14n0424"
"C:/vagrants/datasci2014/data/outfile_version2/medline14n0425.txt",1999,1999,424,"medline14n0425"
"C:/vagrants/datasci2014/data/outfile_version2/medline14n0426.txt",1999,1999,425,"medline14n0426"
"C:/vagrants/datasci2014/data/outfile_version2/medline14n0427.txt",1999,1999,426,"medline14n0427"
"C:/vagrants/datasci2014/data/outfile_version2/medline14n0428.txt",1999,1999,427,"medline14n0428"
"C:/vagrants/datasci2014/data/outfile_version2/medline14n0429.txt",1999,1999,428,"medline14n0429"
"C:/vagrants/datasci2014/data/outfile_version2/medline14n0430.txt",1999,1999,429,"medline14n0430"
"C:/vagrants/datasci2014/data/outfile_version2/medline14n0431.txt",1999,1999,430,"medline14n0431"
"C:/vagrants/datasci2014/data/outfile_version2/medline14n0432.txt",1999,1999,431,"medline14n0432"
"C:/vagrants/datasci2014/data/outfile_version2/medline14n0433.txt",1999,1999,432,"medline14n0433"
"C:/vagrants/datasci2014/data/outfile_version2/medline14n0434.txt",1999,1999,433,"medline14n0434"
"C:/vagrants/datasci2014/data/outfile_version2/medline14n0435.txt",1999,1999,434,"medline14n0435"
"C:/vagrants/datasci2014/data/outfile_version2/medline14n0436.txt",1999,1999,435,"medline14n0436"
"C:/vagrants/datasci2014/data/outfile_version2/medline14n0437.txt",1999,1999,436,"medline14n0437"
"C:/vagrants/datasci2014/data/outfile_version2/medline14n0438.txt",1999,2011,437,"medline14n0438"
"C:/vagrants/datasci2014/data/outfile_version2/medline14n0439.txt",2000,2000,438,"medline14n0439"
"C:/vagrants/datasci2014/data/outfile_version2/medline14n0440.txt",2000,2000,439,"medline14n0440"
"C:/vagrants/datasci2014/data/outfile_version2/medline14n0441.txt",2000,2000,440,"medline14n0441"
"C:/vagrants/datasci2014/data/outfile_version2/medline14n0442.txt",2000,2000,441,"medline14n0442"
"C:/vagrants/datasci2014/data/outfile_version2/medline14n0443.txt",2000,2000,442,"medline14n0443"
"C:/vagrants/datasci2014/data/outfile_version2/medline14n0444.txt",1999,2000,443,"medline14n0444"
"C:/vagrants/datasci2014/data/outfile_version2/medline14n0445.txt",2000,2000,444,"medline14n0445"
"C:/vagrants/datasci2014/data/outfile_version2/medline14n0446.txt",2000,2000,445,"medline14n0446"
"C:/vagrants/datasci2014/data/outfile_version2/medline14n0447.txt",2000,2000,446,"medline14n0447"
"C:/vagrants/datasci2014/data/outfile_version2/medline14n0448.txt",2000,2000,447,"medline14n0448"
"C:/vagrants/datasci2014/data/outfile_version2/medline14n0449.txt",2000,2000,448,"medline14n0449"
"C:/vagrants/datasci2014/data/outfile_version2/medline14n0450.txt",2000,2000,449,"medline14n0450"
"C:/vagrants/datasci2014/data/outfile_version2/medline14n0451.txt",2000,2000,450,"medline14n0451"
"C:/vagrants/datasci2014/data/outfile_version2/medline14n0452.txt",1999,2003,451,"medline14n0452"
"C:/vagrants/datasci2014/data/outfile_version2/medline14n0453.txt",1999,2000,452,"medline14n0453"
"C:/vagrants/datasci2014/data/outfile_version2/medline14n0454.txt",2000,2001,453,"medline14n0454"
"C:/vagrants/datasci2014/data/outfile_version2/medline14n0455.txt",2000,2011,454,"medline14n0455"
"C:/vagrants/datasci2014/data/outfile_version2/medline14n0456.txt",2000,2003,455,"medline14n0456"
"C:/vagrants/datasci2014/data/outfile_version2/medline14n0457.txt",2000,2003,456,"medline14n0457"
"C:/vagrants/datasci2014/data/outfile_version2/medline14n0458.txt",2000,2003,457,"medline14n0458"
"C:/vagrants/datasci2014/data/outfile_version2/medline14n0459.txt",2000,2001,458,"medline14n0459"
"C:/vagrants/datasci2014/data/outfile_version2/medline14n0460.txt",2000,2003,459,"medline14n0460"
"C:/vagrants/datasci2014/data/outfile_version2/medline14n0461.txt",2000,2001,460,"medline14n0461"
"C:/vagrants/datasci2014/data/outfile_version2/medline14n0462.txt",2001,2001,461,"medline14n0462"
"C:/vagrants/datasci2014/data/outfile_version2/medline14n0463.txt",2001,2001,462,"medline14n0463"
"C:/vagrants/datasci2014/data/outfile_version2/medline14n0464.txt",2001,2003,463,"medline14n0464"
"C:/vagrants/datasci2014/data/outfile_version2/medline14n0465.txt",2001,2001,464,"medline14n0465"
"C:/vagrants/datasci2014/data/outfile_version2/medline14n0466.txt",2000,2002,465,"medline14n0466"
"C:/vagrants/datasci2014/data/outfile_version2/medline14n0467.txt",2001,2001,466,"medline14n0467"
"C:/vagrants/datasci2014/data/outfile_version2/medline14n0468.txt",2000,2003,467,"medline14n0468"
"C:/vagrants/datasci2014/data/outfile_version2/medline14n0469.txt",2001,2001,468,"medline14n0469"
"C:/vagrants/datasci2014/data/outfile_version2/medline14n0470.txt",2001,2003,469,"medline14n0470"
"C:/vagrants/datasci2014/data/outfile_version2/medline14n0471.txt",2000,2003,470,"medline14n0471"
"C:/vagrants/datasci2014/data/outfile_version2/medline14n0472.txt",2000,2007,471,"medline14n0472"
"C:/vagrants/datasci2014/data/outfile_version2/medline14n0473.txt",2001,2011,472,"medline14n0473"
"C:/vagrants/datasci2014/data/outfile_version2/medline14n0474.txt",2001,2002,473,"medline14n0474"
"C:/vagrants/datasci2014/data/outfile_version2/medline14n0475.txt",2001,2002,474,"medline14n0475"
"C:/vagrants/datasci2014/data/outfile_version2/medline14n0476.txt",2001,2002,475,"medline14n0476"
"C:/vagrants/datasci2014/data/outfile_version2/medline14n0477.txt",2001,2003,476,"medline14n0477"
"C:/vagrants/datasci2014/data/outfile_version2/medline14n0478.txt",2001,2002,477,"medline14n0478"
"C:/vagrants/datasci2014/data/outfile_version2/medline14n0479.txt",2001,2003,478,"medline14n0479"
"C:/vagrants/datasci2014/data/outfile_version2/medline14n0480.txt",2001,2002,479,"medline14n0480"
"C:/vagrants/datasci2014/data/outfile_version2/medline14n0481.txt",2001,2003,480,"medline14n0481"
"C:/vagrants/datasci2014/data/outfile_version2/medline14n0482.txt",2001,2003,481,"medline14n0482"
"C:/vagrants/datasci2014/data/outfile_version2/medline14n0483.txt",2001,2003,482,"medline14n0483"
"C:/vagrants/datasci2014/data/outfile_version2/medline14n0484.txt",2001,2002,483,"medline14n0484"
"C:/vagrants/datasci2014/data/outfile_version2/medline14n0485.txt",2001,2002,484,"medline14n0485"
"C:/vagrants/datasci2014/data/outfile_version2/medline14n0486.txt",2001,2002,485,"medline14n0486"
"C:/vagrants/datasci2014/data/outfile_version2/medline14n0487.txt",2001,2002,486,"medline14n0487"
"C:/vagrants/datasci2014/data/outfile_version2/medline14n0488.txt",2001,2003,487,"medline14n0488"
"C:/vagrants/datasci2014/data/outfile_version2/medline14n0489.txt",2002,2003,488,"medline14n0489"
"C:/vagrants/datasci2014/data/outfile_version2/medline14n0490.txt",2001,2004,489,"medline14n0490"
"C:/vagrants/datasci2014/data/outfile_version2/medline14n0491.txt",2001,2007,490,"medline14n0491"
"C:/vagrants/datasci2014/data/outfile_version2/medline14n0492.txt",2001,2003,491,"medline14n0492"
"C:/vagrants/datasci2014/data/outfile_version2/medline14n0493.txt",2001,2003,492,"medline14n0493"
"C:/vagrants/datasci2014/data/outfile_version2/medline14n0494.txt",2002,2003,493,"medline14n0494"
"C:/vagrants/datasci2014/data/outfile_version2/medline14n0495.txt",2001,2003,494,"medline14n0495"
"C:/vagrants/datasci2014/data/outfile_version2/medline14n0496.txt",2002,2003,495,"medline14n0496"
"C:/vagrants/datasci2014/data/outfile_version2/medline14n0497.txt",2002,2003,496,"medline14n0497"
"C:/vagrants/datasci2014/data/outfile_version2/medline14n0498.txt",2002,2003,497,"medline14n0498"
"C:/vagrants/datasci2014/data/outfile_version2/medline14n0499.txt",2002,2003,498,"medline14n0499"
"C:/vagrants/datasci2014/data/outfile_version2/medline14n0500.txt",2002,2003,499,"medline14n0500"
"C:/vagrants/datasci2014/data/outfile_version2/medline14n0501.txt",2002,2003,500,"medline14n0501"
"C:/vagrants/datasci2014/data/outfile_version2/medline14n0502.txt",2001,2003,501,"medline14n0502"
"C:/vagrants/datasci2014/data/outfile_version2/medline14n0503.txt",2002,2003,502,"medline14n0503"
"C:/vagrants/datasci2014/data/outfile_version2/medline14n0504.txt",2002,2004,503,"medline14n0504"
"C:/vagrants/datasci2014/data/outfile_version2/medline14n0505.txt",2002,2003,504,"medline14n0505"
"C:/vagrants/datasci2014/data/outfile_version2/medline14n0506.txt",2002,2003,505,"medline14n0506"
"C:/vagrants/datasci2014/data/outfile_version2/medline14n0507.txt",2003,2004,506,"medline14n0507"
"C:/vagrants/datasci2014/data/outfile_version2/medline14n0508.txt",2003,2004,507,"medline14n0508"
"C:/vagrants/datasci2014/data/outfile_version2/medline14n0509.txt",2002,2004,508,"medline14n0509"
"C:/vagrants/datasci2014/data/outfile_version2/medline14n0510.txt",2002,2007,509,"medline14n0510"
"C:/vagrants/datasci2014/data/outfile_version2/medline14n0511.txt",2003,2004,510,"medline14n0511"
"C:/vagrants/datasci2014/data/outfile_version2/medline14n0512.txt",2003,2004,511,"medline14n0512"
"C:/vagrants/datasci2014/data/outfile_version2/medline14n0513.txt",2003,2004,512,"medline14n0513"
"C:/vagrants/datasci2014/data/outfile_version2/medline14n0514.txt",2002,2004,513,"medline14n0514"
"C:/vagrants/datasci2014/data/outfile_version2/medline14n0515.txt",2003,2004,514,"medline14n0515"
"C:/vagrants/datasci2014/data/outfile_version2/medline14n0516.txt",2003,2004,515,"medline14n0516"
"C:/vagrants/datasci2014/data/outfile_version2/medline14n0517.txt",2003,2004,516,"medline14n0517"
"C:/vagrants/datasci2014/data/outfile_version2/medline14n0518.txt",2003,2004,517,"medline14n0518"
"C:/vagrants/datasci2014/data/outfile_version2/medline14n0519.txt",2002,2004,518,"medline14n0519"
"C:/vagrants/datasci2014/data/outfile_version2/medline14n0520.txt",2003,2004,519,"medline14n0520"
"C:/vagrants/datasci2014/data/outfile_version2/medline14n0521.txt",2003,2004,520,"medline14n0521"
"C:/vagrants/datasci2014/data/outfile_version2/medline14n0522.txt",2003,2004,521,"medline14n0522"
"C:/vagrants/datasci2014/data/outfile_version2/medline14n0523.txt",2003,2004,522,"medline14n0523"
"C:/vagrants/datasci2014/data/outfile_version2/medline14n0524.txt",2002,2004,523,"medline14n0524"
"C:/vagrants/datasci2014/data/outfile_version2/medline14n0525.txt",2003,2004,524,"medline14n0525"
"C:/vagrants/datasci2014/data/outfile_version2/medline14n0526.txt",2003,2004,525,"medline14n0526"
"C:/vagrants/datasci2014/data/outfile_version2/medline14n0527.txt",2003,2004,526,"medline14n0527"
"C:/vagrants/datasci2014/data/outfile_version2/medline14n0528.txt",2003,2004,527,"medline14n0528"
"C:/vagrants/datasci2014/data/outfile_version2/medline14n0529.txt",2003,2005,528,"medline14n0529"
"C:/vagrants/datasci2014/data/outfile_version2/medline14n0530.txt",2003,2006,529,"medline14n0530"
"C:/vagrants/datasci2014/data/outfile_version2/medline14n0531.txt",2003,2008,530,"medline14n0531"
"C:/vagrants/datasci2014/data/outfile_version2/medline14n0532.txt",2003,2005,531,"medline14n0532"
"C:/vagrants/datasci2014/data/outfile_version2/medline14n0533.txt",2003,2005,532,"medline14n0533"
"C:/vagrants/datasci2014/data/outfile_version2/medline14n0534.txt",2003,2005,533,"medline14n0534"
"C:/vagrants/datasci2014/data/outfile_version2/medline14n0535.txt",2004,2005,534,"medline14n0535"
"C:/vagrants/datasci2014/data/outfile_version2/medline14n0536.txt",2003,2005,535,"medline14n0536"
"C:/vagrants/datasci2014/data/outfile_version2/medline14n0537.txt",2004,2005,536,"medline14n0537"
"C:/vagrants/datasci2014/data/outfile_version2/medline14n0538.txt",2004,2005,537,"medline14n0538"
"C:/vagrants/datasci2014/data/outfile_version2/medline14n0539.txt",2004,2005,538,"medline14n0539"
"C:/vagrants/datasci2014/data/outfile_version2/medline14n0540.txt",2004,2005,539,"medline14n0540"
"C:/vagrants/datasci2014/data/outfile_version2/medline14n0541.txt",2004,2005,540,"medline14n0541"
"C:/vagrants/datasci2014/data/outfile_version2/medline14n0542.txt",2004,2005,541,"medline14n0542"
"C:/vagrants/datasci2014/data/outfile_version2/medline14n0543.txt",2004,2005,542,"medline14n0543"
"C:/vagrants/datasci2014/data/outfile_version2/medline14n0544.txt",2004,2005,543,"medline14n0544"
"C:/vagrants/datasci2014/data/outfile_version2/medline14n0545.txt",2004,2005,544,"medline14n0545"
"C:/vagrants/datasci2014/data/outfile_version2/medline14n0546.txt",2004,2005,545,"medline14n0546"
"C:/vagrants/datasci2014/data/outfile_version2/medline14n0547.txt",2004,2005,546,"medline14n0547"
"C:/vagrants/datasci2014/data/outfile_version2/medline14n0548.txt",2004,2005,547,"medline14n0548"
"C:/vagrants/datasci2014/data/outfile_version2/medline14n0549.txt",2004,2005,548,"medline14n0549"
"C:/vagrants/datasci2014/data/outfile_version2/medline14n0550.txt",2004,2006,549,"medline14n0550"
"C:/vagrants/datasci2014/data/outfile_version2/medline14n0551.txt",2004,2006,550,"medline14n0551"
"C:/vagrants/datasci2014/data/outfile_version2/medline14n0552.txt",2004,2008,551,"medline14n0552"
"C:/vagrants/datasci2014/data/outfile_version2/medline14n0553.txt",2004,2006,552,"medline14n0553"
"C:/vagrants/datasci2014/data/outfile_version2/medline14n0554.txt",2004,2006,553,"medline14n0554"
"C:/vagrants/datasci2014/data/outfile_version2/medline14n0555.txt",2004,2006,554,"medline14n0555"
"C:/vagrants/datasci2014/data/outfile_version2/medline14n0556.txt",2004,2006,555,"medline14n0556"
"C:/vagrants/datasci2014/data/outfile_version2/medline14n0557.txt",2004,2006,556,"medline14n0557"
"C:/vagrants/datasci2014/data/outfile_version2/medline14n0558.txt",2004,2006,557,"medline14n0558"
"C:/vagrants/datasci2014/data/outfile_version2/medline14n0559.txt",2004,2006,558,"medline14n0559"
"C:/vagrants/datasci2014/data/outfile_version2/medline14n0560.txt",2004,2006,559,"medline14n0560"
"C:/vagrants/datasci2014/data/outfile_version2/medline14n0561.txt",2004,2006,560,"medline14n0561"
"C:/vagrants/datasci2014/data/outfile_version2/medline14n0562.txt",2005,2006,561,"medline14n0562"
"C:/vagrants/datasci2014/data/outfile_version2/medline14n0563.txt",2005,2006,562,"medline14n0563"
"C:/vagrants/datasci2014/data/outfile_version2/medline14n0564.txt",2005,2006,563,"medline14n0564"
"C:/vagrants/datasci2014/data/outfile_version2/medline14n0565.txt",2004,2006,564,"medline14n0565"
"C:/vagrants/datasci2014/data/outfile_version2/medline14n0566.txt",2005,2006,565,"medline14n0566"
"C:/vagrants/datasci2014/data/outfile_version2/medline14n0567.txt",2005,2006,566,"medline14n0567"
"C:/vagrants/datasci2014/data/outfile_version2/medline14n0568.txt",2005,2006,567,"medline14n0568"
"C:/vagrants/datasci2014/data/outfile_version2/medline14n0569.txt",2001,2006,568,"medline14n0569"
"C:/vagrants/datasci2014/data/outfile_version2/medline14n0570.txt",2005,2006,569,"medline14n0570"
"C:/vagrants/datasci2014/data/outfile_version2/medline14n0571.txt",2005,2006,570,"medline14n0571"
"C:/vagrants/datasci2014/data/outfile_version2/medline14n0572.txt",2005,2006,571,"medline14n0572"
"C:/vagrants/datasci2014/data/outfile_version2/medline14n0573.txt",2005,2007,572,"medline14n0573"
"C:/vagrants/datasci2014/data/outfile_version2/medline14n0574.txt",2005,2007,573,"medline14n0574"
"C:/vagrants/datasci2014/data/outfile_version2/medline14n0575.txt",2004,2012,574,"medline14n0575"
"C:/vagrants/datasci2014/data/outfile_version2/medline14n0576.txt",2005,2007,575,"medline14n0576"
"C:/vagrants/datasci2014/data/outfile_version2/medline14n0577.txt",2005,2007,576,"medline14n0577"
"C:/vagrants/datasci2014/data/outfile_version2/medline14n0578.txt",2005,2007,577,"medline14n0578"
"C:/vagrants/datasci2014/data/outfile_version2/medline14n0579.txt",2005,2007,578,"medline14n0579"
"C:/vagrants/datasci2014/data/outfile_version2/medline14n0580.txt",2005,2007,579,"medline14n0580"
"C:/vagrants/datasci2014/data/outfile_version2/medline14n0581.txt",2005,2007,580,"medline14n0581"
"C:/vagrants/datasci2014/data/outfile_version2/medline14n0582.txt",2005,2007,581,"medline14n0582"
"C:/vagrants/datasci2014/data/outfile_version2/medline14n0583.txt",2005,2007,582,"medline14n0583"
"C:/vagrants/datasci2014/data/outfile_version2/medline14n0584.txt",2005,2007,583,"medline14n0584"
"C:/vagrants/datasci2014/data/outfile_version2/medline14n0585.txt",2006,2007,584,"medline14n0585"
"C:/vagrants/datasci2014/data/outfile_version2/medline14n0586.txt",2005,2007,585,"medline14n0586"
"C:/vagrants/datasci2014/data/outfile_version2/medline14n0587.txt",2005,2007,586,"medline14n0587"
"C:/vagrants/datasci2014/data/outfile_version2/medline14n0588.txt",2005,2007,587,"medline14n0588"
"C:/vagrants/datasci2014/data/outfile_version2/medline14n0589.txt",2006,2007,588,"medline14n0589"
"C:/vagrants/datasci2014/data/outfile_version2/medline14n0590.txt",2006,2008,589,"medline14n0590"
"C:/vagrants/datasci2014/data/outfile_version2/medline14n0591.txt",2006,2007,590,"medline14n0591"
"C:/vagrants/datasci2014/data/outfile_version2/medline14n0592.txt",2006,2007,591,"medline14n0592"
"C:/vagrants/datasci2014/data/outfile_version2/medline14n0593.txt",2006,2007,592,"medline14n0593"
"C:/vagrants/datasci2014/data/outfile_version2/medline14n0594.txt",2005,2007,593,"medline14n0594"
"C:/vagrants/datasci2014/data/outfile_version2/medline14n0595.txt",2005,2007,594,"medline14n0595"
"C:/vagrants/datasci2014/data/outfile_version2/medline14n0596.txt",2006,2007,595,"medline14n0596"
"C:/vagrants/datasci2014/data/outfile_version2/medline14n0597.txt",2006,2008,596,"medline14n0597"
"C:/vagrants/datasci2014/data/outfile_version2/medline14n0598.txt",2005,2010,597,"medline14n0598"
"C:/vagrants/datasci2014/data/outfile_version2/medline14n0599.txt",2006,2008,598,"medline14n0599"
"C:/vagrants/datasci2014/data/outfile_version2/medline14n0600.txt",2005,2008,599,"medline14n0600"
"C:/vagrants/datasci2014/data/outfile_version2/medline14n0601.txt",2006,2008,600,"medline14n0601"
"C:/vagrants/datasci2014/data/outfile_version2/medline14n0602.txt",2005,2008,601,"medline14n0602"
"C:/vagrants/datasci2014/data/outfile_version2/medline14n0603.txt",2005,2008,602,"medline14n0603"
"C:/vagrants/datasci2014/data/outfile_version2/medline14n0604.txt",2005,2008,603,"medline14n0604"
"C:/vagrants/datasci2014/data/outfile_version2/medline14n0605.txt",2006,2008,604,"medline14n0605"
"C:/vagrants/datasci2014/data/outfile_version2/medline14n0606.txt",2006,2008,605,"medline14n0606"
"C:/vagrants/datasci2014/data/outfile_version2/medline14n0607.txt",2006,2008,606,"medline14n0607"
"C:/vagrants/datasci2014/data/outfile_version2/medline14n0608.txt",2006,2008,607,"medline14n0608"
"C:/vagrants/datasci2014/data/outfile_version2/medline14n0609.txt",2006,2008,608,"medline14n0609"
"C:/vagrants/datasci2014/data/outfile_version2/medline14n0610.txt",2006,2008,609,"medline14n0610"
"C:/vagrants/datasci2014/data/outfile_version2/medline14n0611.txt",2006,2008,610,"medline14n0611"
"C:/vagrants/datasci2014/data/outfile_version2/medline14n0612.txt",2006,2008,611,"medline14n0612"
"C:/vagrants/datasci2014/data/outfile_version2/medline14n0613.txt",2005,2008,612,"medline14n0613"
"C:/vagrants/datasci2014/data/outfile_version2/medline14n0614.txt",2007,2008,613,"medline14n0614"
"C:/vagrants/datasci2014/data/outfile_version2/medline14n0615.txt",2006,2008,614,"medline14n0615"
"C:/vagrants/datasci2014/data/outfile_version2/medline14n0616.txt",2006,2008,615,"medline14n0616"
"C:/vagrants/datasci2014/data/outfile_version2/medline14n0617.txt",2006,2008,616,"medline14n0617"
"C:/vagrants/datasci2014/data/outfile_version2/medline14n0618.txt",2007,2008,617,"medline14n0618"
"C:/vagrants/datasci2014/data/outfile_version2/medline14n0619.txt",2006,2008,618,"medline14n0619"
"C:/vagrants/datasci2014/data/outfile_version2/medline14n0620.txt",2006,2008,619,"medline14n0620"
"C:/vagrants/datasci2014/data/outfile_version2/medline14n0621.txt",2007,2009,620,"medline14n0621"
"C:/vagrants/datasci2014/data/outfile_version2/medline14n0622.txt",2007,2010,621,"medline14n0622"
"C:/vagrants/datasci2014/data/outfile_version2/medline14n0623.txt",2007,2013,622,"medline14n0623"
"C:/vagrants/datasci2014/data/outfile_version2/medline14n0624.txt",2006,2009,623,"medline14n0624"
"C:/vagrants/datasci2014/data/outfile_version2/medline14n0625.txt",2006,2009,624,"medline14n0625"
"C:/vagrants/datasci2014/data/outfile_version2/medline14n0626.txt",2006,2009,625,"medline14n0626"
"C:/vagrants/datasci2014/data/outfile_version2/medline14n0627.txt",2006,2009,626,"medline14n0627"
"C:/vagrants/datasci2014/data/outfile_version2/medline14n0628.txt",2007,2009,627,"medline14n0628"
"C:/vagrants/datasci2014/data/outfile_version2/medline14n0629.txt",2006,2009,628,"medline14n0629"
"C:/vagrants/datasci2014/data/outfile_version2/medline14n0630.txt",2007,2009,629,"medline14n0630"
"C:/vagrants/datasci2014/data/outfile_version2/medline14n0631.txt",2007,2009,630,"medline14n0631"
"C:/vagrants/datasci2014/data/outfile_version2/medline14n0632.txt",2007,2009,631,"medline14n0632"
"C:/vagrants/datasci2014/data/outfile_version2/medline14n0633.txt",2007,2009,632,"medline14n0633"
"C:/vagrants/datasci2014/data/outfile_version2/medline14n0634.txt",2006,2009,633,"medline14n0634"
"C:/vagrants/datasci2014/data/outfile_version2/medline14n0635.txt",2006,2009,634,"medline14n0635"
"C:/vagrants/datasci2014/data/outfile_version2/medline14n0636.txt",2007,2009,635,"medline14n0636"
"C:/vagrants/datasci2014/data/outfile_version2/medline14n0637.txt",2007,2009,636,"medline14n0637"
"C:/vagrants/datasci2014/data/outfile_version2/medline14n0638.txt",2006,2009,637,"medline14n0638"
"C:/vagrants/datasci2014/data/outfile_version2/medline14n0639.txt",2007,2009,638,"medline14n0639"
"C:/vagrants/datasci2014/data/outfile_version2/medline14n0640.txt",2007,2009,639,"medline14n0640"
"C:/vagrants/datasci2014/data/outfile_version2/medline14n0641.txt",2007,2009,640,"medline14n0641"
"C:/vagrants/datasci2014/data/outfile_version2/medline14n0642.txt",2006,2009,641,"medline14n0642"
"C:/vagrants/datasci2014/data/outfile_version2/medline14n0643.txt",2006,2009,642,"medline14n0643"
"C:/vagrants/datasci2014/data/outfile_version2/medline14n0644.txt",2007,2009,643,"medline14n0644"
"C:/vagrants/datasci2014/data/outfile_version2/medline14n0645.txt",2007,2009,644,"medline14n0645"
"C:/vagrants/datasci2014/data/outfile_version2/medline14n0646.txt",2008,2010,645,"medline14n0646"
"C:/vagrants/datasci2014/data/outfile_version2/medline14n0647.txt",2007,2010,646,"medline14n0647"
"C:/vagrants/datasci2014/data/outfile_version2/medline14n0648.txt",2007,2011,647,"medline14n0648"
"C:/vagrants/datasci2014/data/outfile_version2/medline14n0649.txt",2007,2013,648,"medline14n0649"
"C:/vagrants/datasci2014/data/outfile_version2/medline14n0650.txt",2007,2010,649,"medline14n0650"
"C:/vagrants/datasci2014/data/outfile_version2/medline14n0651.txt",2007,2010,650,"medline14n0651"
"C:/vagrants/datasci2014/data/outfile_version2/medline14n0652.txt",2007,2010,651,"medline14n0652"
"C:/vagrants/datasci2014/data/outfile_version2/medline14n0653.txt",2007,2020,652,"medline14n0653"
"C:/vagrants/datasci2014/data/outfile_version2/medline14n0654.txt",2007,2010,653,"medline14n0654"
"C:/vagrants/datasci2014/data/outfile_version2/medline14n0655.txt",2006,2010,654,"medline14n0655"
"C:/vagrants/datasci2014/data/outfile_version2/medline14n0656.txt",2008,2010,655,"medline14n0656"
"C:/vagrants/datasci2014/data/outfile_version2/medline14n0657.txt",2007,2010,656,"medline14n0657"
"C:/vagrants/datasci2014/data/outfile_version2/medline14n0658.txt",2006,2010,657,"medline14n0658"
"C:/vagrants/datasci2014/data/outfile_version2/medline14n0659.txt",2007,2010,658,"medline14n0659"
"C:/vagrants/datasci2014/data/outfile_version2/medline14n0660.txt",2008,2010,659,"medline14n0660"
"C:/vagrants/datasci2014/data/outfile_version2/medline14n0661.txt",2008,2010,660,"medline14n0661"
"C:/vagrants/datasci2014/data/outfile_version2/medline14n0662.txt",2008,2010,661,"medline14n0662"
"C:/vagrants/datasci2014/data/outfile_version2/medline14n0663.txt",2007,2010,662,"medline14n0663"
"C:/vagrants/datasci2014/data/outfile_version2/medline14n0664.txt",2007,2010,663,"medline14n0664"
"C:/vagrants/datasci2014/data/outfile_version2/medline14n0665.txt",2008,2010,664,"medline14n0665"
"C:/vagrants/datasci2014/data/outfile_version2/medline14n0666.txt",2008,2010,665,"medline14n0666"
"C:/vagrants/datasci2014/data/outfile_version2/medline14n0667.txt",2007,2010,666,"medline14n0667"
"C:/vagrants/datasci2014/data/outfile_version2/medline14n0668.txt",2008,2010,667,"medline14n0668"
"C:/vagrants/datasci2014/data/outfile_version2/medline14n0669.txt",2007,2010,668,"medline14n0669"
"C:/vagrants/datasci2014/data/outfile_version2/medline14n0670.txt",2008,2010,669,"medline14n0670"
"C:/vagrants/datasci2014/data/outfile_version2/medline14n0671.txt",2008,2010,670,"medline14n0671"
"C:/vagrants/datasci2014/data/outfile_version2/medline14n0672.txt",2008,2010,671,"medline14n0672"
"C:/vagrants/datasci2014/data/outfile_version2/medline14n0673.txt",2008,2011,672,"medline14n0673"
"C:/vagrants/datasci2014/data/outfile_version2/medline14n0674.txt",2009,2011,673,"medline14n0674"
"C:/vagrants/datasci2014/data/outfile_version2/medline14n0675.txt",2007,2013,674,"medline14n0675"
"C:/vagrants/datasci2014/data/outfile_version2/medline14n0676.txt",2008,2011,675,"medline14n0676"
"C:/vagrants/datasci2014/data/outfile_version2/medline14n0677.txt",2008,2011,676,"medline14n0677"
"C:/vagrants/datasci2014/data/outfile_version2/medline14n0678.txt",2008,2011,677,"medline14n0678"
"C:/vagrants/datasci2014/data/outfile_version2/medline14n0679.txt",2009,2011,678,"medline14n0679"
"C:/vagrants/datasci2014/data/outfile_version2/medline14n0680.txt",2009,2011,679,"medline14n0680"
"C:/vagrants/datasci2014/data/outfile_version2/medline14n0681.txt",2008,2011,680,"medline14n0681"
"C:/vagrants/datasci2014/data/outfile_version2/medline14n0682.txt",2009,2011,681,"medline14n0682"
"C:/vagrants/datasci2014/data/outfile_version2/medline14n0683.txt",2007,2011,682,"medline14n0683"
"C:/vagrants/datasci2014/data/outfile_version2/medline14n0684.txt",2008,2011,683,"medline14n0684"
"C:/vagrants/datasci2014/data/outfile_version2/medline14n0685.txt",2008,2011,684,"medline14n0685"
"C:/vagrants/datasci2014/data/outfile_version2/medline14n0686.txt",2008,2011,685,"medline14n0686"
"C:/vagrants/datasci2014/data/outfile_version2/medline14n0687.txt",2008,2011,686,"medline14n0687"
"C:/vagrants/datasci2014/data/outfile_version2/medline14n0688.txt",2008,2011,687,"medline14n0688"
"C:/vagrants/datasci2014/data/outfile_version2/medline14n0689.txt",2008,2011,688,"medline14n0689"
"C:/vagrants/datasci2014/data/outfile_version2/medline14n0690.txt",2008,2011,689,"medline14n0690"
"C:/vagrants/datasci2014/data/outfile_version2/medline14n0691.txt",2009,2011,690,"medline14n0691"
"C:/vagrants/datasci2014/data/outfile_version2/medline14n0692.txt",2008,2011,691,"medline14n0692"
"C:/vagrants/datasci2014/data/outfile_version2/medline14n0693.txt",2008,2011,692,"medline14n0693"
"C:/vagrants/datasci2014/data/outfile_version2/medline14n0694.txt",2008,2011,693,"medline14n0694"
"C:/vagrants/datasci2014/data/outfile_version2/medline14n0695.txt",2009,2011,694,"medline14n0695"
"C:/vagrants/datasci2014/data/outfile_version2/medline14n0696.txt",2009,2011,695,"medline14n0696"
"C:/vagrants/datasci2014/data/outfile_version2/medline14n0697.txt",2008,2011,696,"medline14n0697"
"C:/vagrants/datasci2014/data/outfile_version2/medline14n0698.txt",2009,2011,697,"medline14n0698"
"C:/vagrants/datasci2014/data/outfile_version2/medline14n0699.txt",2008,2011,698,"medline14n0699"
"C:/vagrants/datasci2014/data/outfile_version2/medline14n0700.txt",2009,2011,699,"medline14n0700"
"C:/vagrants/datasci2014/data/outfile_version2/medline14n0701.txt",2008,2011,700,"medline14n0701"
"C:/vagrants/datasci2014/data/outfile_version2/medline14n0702.txt",2001,2012,701,"medline14n0702"
"C:/vagrants/datasci2014/data/outfile_version2/medline14n0703.txt",2010,2013,702,"medline14n0703"
"C:/vagrants/datasci2014/data/outfile_version2/medline14n0704.txt",2008,2012,703,"medline14n0704"
"C:/vagrants/datasci2014/data/outfile_version2/medline14n0705.txt",2008,2012,704,"medline14n0705"
"C:/vagrants/datasci2014/data/outfile_version2/medline14n0706.txt",2008,2012,705,"medline14n0706"
"C:/vagrants/datasci2014/data/outfile_version2/medline14n0707.txt",2008,2012,706,"medline14n0707"
"C:/vagrants/datasci2014/data/outfile_version2/medline14n0708.txt",2006,2012,707,"medline14n0708"
"C:/vagrants/datasci2014/data/outfile_version2/medline14n0709.txt",2009,2012,708,"medline14n0709"
"C:/vagrants/datasci2014/data/outfile_version2/medline14n0710.txt",2008,2012,709,"medline14n0710"
"C:/vagrants/datasci2014/data/outfile_version2/medline14n0711.txt",2008,2012,710,"medline14n0711"
"C:/vagrants/datasci2014/data/outfile_version2/medline14n0712.txt",2009,2012,711,"medline14n0712"
"C:/vagrants/datasci2014/data/outfile_version2/medline14n0713.txt",2009,2012,712,"medline14n0713"
"C:/vagrants/datasci2014/data/outfile_version2/medline14n0714.txt",2009,2012,713,"medline14n0714"
"C:/vagrants/datasci2014/data/outfile_version2/medline14n0715.txt",2010,2012,714,"medline14n0715"
"C:/vagrants/datasci2014/data/outfile_version2/medline14n0716.txt",2009,2012,715,"medline14n0716"
"C:/vagrants/datasci2014/data/outfile_version2/medline14n0717.txt",2009,2012,716,"medline14n0717"
"C:/vagrants/datasci2014/data/outfile_version2/medline14n0718.txt",2010,2012,717,"medline14n0718"
"C:/vagrants/datasci2014/data/outfile_version2/medline14n0719.txt",2009,2012,718,"medline14n0719"
"C:/vagrants/datasci2014/data/outfile_version2/medline14n0720.txt",2009,2012,719,"medline14n0720"
"C:/vagrants/datasci2014/data/outfile_version2/medline14n0721.txt",2009,2013,720,"medline14n0721"
"C:/vagrants/datasci2014/data/outfile_version2/medline14n0722.txt",2009,2012,721,"medline14n0722"
"C:/vagrants/datasci2014/data/outfile_version2/medline14n0723.txt",2010,2012,722,"medline14n0723"
"C:/vagrants/datasci2014/data/outfile_version2/medline14n0724.txt",2009,2012,723,"medline14n0724"
"C:/vagrants/datasci2014/data/outfile_version2/medline14n0725.txt",2010,2012,724,"medline14n0725"
"C:/vagrants/datasci2014/data/outfile_version2/medline14n0726.txt",2010,2013,725,"medline14n0726"
"C:/vagrants/datasci2014/data/outfile_version2/medline14n0727.txt",2009,2012,726,"medline14n0727"
"C:/vagrants/datasci2014/data/outfile_version2/medline14n0728.txt",2008,2012,727,"medline14n0728"
"C:/vagrants/datasci2014/data/outfile_version2/medline14n0729.txt",2010,2012,728,"medline14n0729"
"C:/vagrants/datasci2014/data/outfile_version2/medline14n0730.txt",2010,2012,729,"medline14n0730"
"C:/vagrants/datasci2014/data/outfile_version2/medline14n0731.txt",2007,2013,730,"medline14n0731"
"C:/vagrants/datasci2014/data/outfile_version2/medline14n0732.txt",2011,2013,731,"medline14n0732"
"C:/vagrants/datasci2014/data/outfile_version2/medline14n0733.txt",2010,2013,732,"medline14n0733"
"C:/vagrants/datasci2014/data/outfile_version2/medline14n0734.txt",2009,2013,733,"medline14n0734"
"C:/vagrants/datasci2014/data/outfile_version2/medline14n0735.txt",2009,2013,734,"medline14n0735"
"C:/vagrants/datasci2014/data/outfile_version2/medline14n0736.txt",2006,2013,735,"medline14n0736"
"C:/vagrants/datasci2014/data/outfile_version2/medline14n0737.txt",2010,2013,736,"medline14n0737"
"C:/vagrants/datasci2014/data/outfile_version2/medline14n0738.txt",2009,2013,737,"medline14n0738"
"C:/vagrants/datasci2014/data/outfile_version2/medline14n0739.txt",2010,2013,738,"medline14n0739"
"C:/vagrants/datasci2014/data/outfile_version2/medline14n0740.txt",2010,2013,739,"medline14n0740"
"C:/vagrants/datasci2014/data/outfile_version2/medline14n0741.txt",2010,2013,740,"medline14n0741"
"C:/vagrants/datasci2014/data/outfile_version2/medline14n0742.txt",2011,2013,741,"medline14n0742"
"C:/vagrants/datasci2014/data/outfile_version2/medline14n0743.txt",2010,2013,742,"medline14n0743"
"C:/vagrants/datasci2014/data/outfile_version2/medline14n0744.txt",2002,2013,743,"medline14n0744"
"C:/vagrants/datasci2014/data/outfile_version2/medline14n0745.txt",2009,2013,744,"medline14n0745"
"C:/vagrants/datasci2014/data/outfile_version2/medline14n0746.txt",2010,2014,745,"medline14n0746"
